Face,Name,NameGender
face9_w.png,ประทีป,m
face2_w.png,ประทีป,m
face5_m.png,ดวงแก้ว,f
face5_w.png,ชูศักดิ์,m
face8_w.png,พอใจ,f
face8_w.png,สมหมาย,m
face8_m.png,วันเพ็ญ,f
face6_m.png,สมหญิง,f
face5_w.png,พิกุล,f
face7_m.png,สมหญิง,f
face8_w.png,พิกุล,f
face2_m.png,ประทีป,m
face1_m.png,ทับทิม,f
face5_w.png,ทับทิม,f
face3_w.png,ประทีป,m
face9_m.png,แก้วตา,f
face10_w.png,ทองดี,m
face10_w.png,ดวงแก้ว,f
face3_m.png,สมหญิง,f
face5_m.png,ประเสริฐ,m
face2_w.png,พิกุล,f
face10_m.png,มานะ,m
face2_w.png,ดวงแก้ว,f
face4_m.png,ใบเฟิร์น,f
face10_m.png,มั่นคง,m
face9_w.png,วันเพ็ญ,f
face4_w.png,บุญชู,m
face6_m.png,ชูศักดิ์,m
face9_m.png,ทับทิม,f
face2_w.png,มั่นคง,m
face2_w.png,วันเพ็ญ,f
face4_m.png,แก้วตา,f
face1_m.png,บุญชู,m
face1_m.png,มั่นคง,m
face7_w.png,บุญชู,m
face8_m.png,ดวงแก้ว,f
face2_m.png,มั่นคง,m
face5_w.png,ทองดี,m
face9_m.png,สมปอง,m
face5_w.png,ดวงแก้ว,f
face10_w.png,สมหญิง,f
face4_w.png,ฟ้าใส,f
face9_w.png,สมหญิง,f
face4_w.png,ชูศักดิ์,m
face2_m.png,พิกุล,f
face1_w.png,วันเพ็ญ,f
face7_w.png,ทับทิม,f
face3_m.png,ทองดี,m
face8_w.png,สมชาย,m
face1_m.png,ทองดี,m
face2_m.png,ดวงแก้ว,f
face4_m.png,สมหญิง,f
face8_m.png,ใบเฟิร์น,f
face10_w.png,ทับทิม,f
face3_w.png,สมปอง,m
face1_m.png,สมหญิง,f
face10_m.png,ทองดี,m
face7_w.png,ดวงแก้ว,f
face4_m.png,มั่นคง,m
face3_w.png,พอใจ,f
face8_w.png,สายใจ,f
face9_w.png,ใบเฟิร์น,f
face9_w.png,บุญชู,m
face6_m.png,วันเพ็ญ,f
face10_m.png,แก้วตา,f
face5_m.png,ทับทิม,f
face5_w.png,วันเพ็ญ,f
face4_w.png,มั่นคง,m
face4_m.png,ทับทิม,f
face10_m.png,ดวงแก้ว,f
face3_w.png,มานะ,m
face10_w.png,ใบเฟิร์น,f
face7_m.png,มั่นคง,m
face10_m.png,พิกุล,f
face10_m.png,สมหมาย,m
face9_m.png,ชูศักดิ์,m
face5_m.png,สมหมาย,m
face6_w.png,ทองดี,m
face4_m.png,สมปอง,m
face7_m.png,พอใจ,f
face10_m.png,ประเสริฐ,m
face6_m.png,ทองดี,m
face1_w.png,ใบเฟิร์น,f
face2_m.png,สมชาย,m
face6_w.png,มานะ,m
face10_w.png,มั่นคง,m
face6_w.png,ดวงแก้ว,f
face3_m.png,ทับทิม,f
face2_w.png,แก้วตา,f
face3_m.png,สมปอง,m
face10_m.png,ชูศักดิ์,m
face7_m.png,สมหมาย,m
face1_m.png,สมปอง,m
face1_w.png,สมชาย,m
face2_w.png,ทับทิม,f
face9_w.png,ชูศักดิ์,m
face8_m.png,บุญชู,m
face8_w.png,สมหญิง,f
face9_w.png,ฟ้าใส,f
face3_m.png,ฟ้าใส,f
face6_m.png,ประทีป,m
face9_w.png,ดวงแก้ว,f
face4_w.png,พอใจ,f
face10_m.png,ทับทิม,f
face4_w.png,ทองดี,m
face5_m.png,ใบเฟิร์น,f
face7_m.png,พิกุล,f
face6_m.png,มั่นคง,m
face6_m.png,บุญชู,m
face7_m.png,สมปอง,m
face1_w.png,มานะ,m
face10_w.png,ประเสริฐ,m
face4_w.png,สายใจ,f
face6_w.png,พิกุล,f
face3_m.png,มั่นคง,m
face6_w.png,ทับทิม,f
face6_w.png,แก้วตา,f
face9_w.png,สมหมาย,m
face8_m.png,สมหมาย,m
face3_w.png,ฟ้าใส,f
face9_w.png,มานะ,m
face10_m.png,สมปอง,m
face5_m.png,สมชาย,m
face1_w.png,แก้วตา,f
face7_w.png,สมชาย,m
face7_w.png,ประเสริฐ,m
face6_w.png,มั่นคง,m
face4_m.png,วันเพ็ญ,f
face2_m.png,ฟ้าใส,f
face8_w.png,ชูศักดิ์,m
face7_m.png,ประทีป,m
face4_m.png,ชูศักดิ์,m
face10_m.png,วันเพ็ญ,f
face7_w.png,ประทีป,m
face3_m.png,แก้วตา,f
face3_w.png,ทองดี,m
face9_m.png,วันเพ็ญ,f
face2_w.png,บุญชู,m
face9_w.png,สายใจ,f
face5_w.png,ฟ้าใส,f
face9_m.png,ทองดี,m
face7_m.png,ประเสริฐ,m
face8_m.png,ทับทิม,f
face9_w.png,พอใจ,f
face9_m.png,บุญชู,m
face3_w.png,บุญชู,m
face7_m.png,ทับทิม,f
face1_m.png,แก้วตา,f
face8_m.png,ทองดี,m
face5_m.png,มานะ,m
face4_m.png,ฟ้าใส,f
face10_w.png,ชูศักดิ์,m
face6_w.png,สมหญิง,f
face3_w.png,แก้วตา,f
face5_w.png,สมปอง,m
face1_m.png,สายใจ,f
face7_w.png,มั่นคง,m
face6_m.png,พอใจ,f
face1_w.png,ทองดี,m
face3_w.png,สมชาย,m
face5_m.png,บุญชู,m
face9_m.png,สมหมาย,m
face10_m.png,พอใจ,f
face1_w.png,ประทีป,m
face6_w.png,ประเสริฐ,m
face3_w.png,มั่นคง,m
face3_m.png,วันเพ็ญ,f
face6_m.png,ประเสริฐ,m
face8_w.png,มั่นคง,m
face10_m.png,ฟ้าใส,f
face1_w.png,ทับทิม,f
face5_m.png,พอใจ,f
face7_m.png,ทองดี,m
face4_m.png,พอใจ,f
face4_w.png,ประเสริฐ,m
face8_w.png,บุญชู,m
face3_w.png,สมหญิง,f
face8_m.png,พอใจ,f
face1_m.png,สมหมาย,m
face3_w.png,สายใจ,f
face2_w.png,สมปอง,m
face1_w.png,มั่นคง,m
face9_m.png,มั่นคง,m
face6_m.png,สายใจ,f
face7_w.png,มานะ,m
face2_w.png,ใบเฟิร์น,f
face4_m.png,บุญชู,m
face2_m.png,บุญชู,m
face4_w.png,สมหญิง,f
face5_w.png,สายใจ,f
face3_w.png,ทับทิม,f
face8_m.png,พิกุล,f
face1_m.png,ดวงแก้ว,f
face3_w.png,ดวงแก้ว,f
face5_m.png,ชูศักดิ์,m
face3_m.png,บุญชู,m
face10_m.png,บุญชู,m
face6_m.png,พิกุล,f
face6_m.png,สมหมาย,m
face10_w.png,พอใจ,f
face10_m.png,ใบเฟิร์น,f
face2_m.png,ประเสริฐ,m
face4_m.png,สมหมาย,m
face5_m.png,สมปอง,m
face9_m.png,พิกุล,f
face3_m.png,ประทีป,m
face2_w.png,ประเสริฐ,m
face7_m.png,มานะ,m
face6_m.png,ดวงแก้ว,f
face5_m.png,วันเพ็ญ,f
face1_m.png,ฟ้าใส,f
face7_w.png,สมหญิง,f
face9_m.png,ดวงแก้ว,f
face10_w.png,ฟ้าใส,f
face10_w.png,มานะ,m
face3_m.png,มานะ,m
face2_w.png,สมหญิง,f
face4_w.png,แก้วตา,f
face4_m.png,สายใจ,f
face7_w.png,แก้วตา,f
face9_m.png,ฟ้าใส,f
face2_m.png,สมปอง,m
face4_w.png,สมปอง,m
face8_m.png,สมหญิง,f
face7_w.png,สายใจ,f
face10_w.png,ประทีป,m
face2_w.png,สมหมาย,m
face1_w.png,ฟ้าใส,f
face5_m.png,มั่นคง,m
face8_m.png,สายใจ,f
face4_m.png,ประทีป,m
face1_m.png,พิกุล,f
face3_w.png,ชูศักดิ์,m
face7_w.png,วันเพ็ญ,f
face5_m.png,ทองดี,m
face2_w.png,ฟ้าใส,f
face4_m.png,ประเสริฐ,m
face5_m.png,แก้วตา,f
face1_m.png,พอใจ,f
face3_w.png,สมหมาย,m
face1_w.png,สายใจ,f
face10_w.png,วันเพ็ญ,f
face6_m.png,ใบเฟิร์น,f
face5_w.png,แก้วตา,f
face8_w.png,สมปอง,m
face7_w.png,ฟ้าใส,f
face1_w.png,พิกุล,f
face1_m.png,ประเสริฐ,m
face8_m.png,มานะ,m
face4_m.png,สมชาย,m
face1_w.png,สมหญิง,f
face7_m.png,ใบเฟิร์น,f
face8_w.png,ทับทิม,f
face2_w.png,ทองดี,m
face8_w.png,แก้วตา,f
face1_w.png,บุญชู,m
face7_w.png,พอใจ,f
face10_w.png,สมหมาย,m
face3_m.png,ประเสริฐ,m
face7_m.png,ดวงแก้ว,f
face7_w.png,สมหมาย,m
face8_w.png,ทองดี,m
face3_m.png,สมชาย,m
face7_m.png,วันเพ็ญ,f
face9_w.png,แก้วตา,f
face2_m.png,ทับทิม,f
face4_w.png,พิกุล,f
face7_w.png,ชูศักดิ์,m
face9_w.png,ทับทิม,f
face6_m.png,ฟ้าใส,f
face2_m.png,แก้วตา,f
face4_m.png,ทองดี,m
face9_m.png,ประเสริฐ,m
face6_w.png,ฟ้าใส,f
face8_w.png,ใบเฟิร์น,f
face10_w.png,สมปอง,m
face2_m.png,ใบเฟิร์น,f
face6_w.png,บุญชู,m
face3_m.png,สมหมาย,m
face1_w.png,สมหมาย,m
face2_m.png,ชูศักดิ์,m
face6_m.png,สมปอง,m
face1_w.png,สมปอง,m
face8_w.png,ประเสริฐ,m
face7_m.png,ชูศักดิ์,m
face3_w.png,ประเสริฐ,m
face1_m.png,ประทีป,m
face8_m.png,สมชาย,m
face5_w.png,ใบเฟิร์น,f
face9_m.png,ประทีป,m
face10_m.png,สมชาย,m
face9_m.png,ใบเฟิร์น,f
face2_w.png,ชูศักดิ์,m
face6_w.png,ชูศักดิ์,m
face6_m.png,แก้วตา,f
face9_m.png,สมหญิง,f
face10_m.png,ประทีป,m
face4_w.png,สมหมาย,m
face4_m.png,พิกุล,f
face8_w.png,ฟ้าใส,f
face6_m.png,สมชาย,m
face8_w.png,ประทีป,m
face4_w.png,ทับทิม,f
face7_m.png,สมชาย,m
face9_m.png,พอใจ,f
face5_w.png,มั่นคง,m
face5_w.png,สมหญิง,f
face6_w.png,สมหมาย,m
face9_m.png,สายใจ,f
face6_w.png,ประทีป,m
face5_m.png,สมหญิง,f
face2_w.png,มานะ,m
face2_m.png,สมหญิง,f
face1_w.png,ชูศักดิ์,m
face8_w.png,มานะ,m
face6_w.png,ใบเฟิร์น,f
face2_m.png,พอใจ,f
face4_w.png,ใบเฟิร์น,f
face10_w.png,แก้วตา,f
face3_m.png,ชูศักดิ์,m
face7_w.png,สมปอง,m
face7_m.png,ฟ้าใส,f
face5_m.png,ฟ้าใส,f
face8_m.png,ชูศักดิ์,m
face1_w.png,ประเสริฐ,m
face3_m.png,ใบเฟิร์น,f
face4_w.png,วันเพ็ญ,f
face6_w.png,พอใจ,f
face8_m.png,มั่นคง,m
face5_w.png,สมหมาย,m
face7_w.png,พิกุล,f
face10_m.png,สายใจ,f
face8_m.png,สมปอง,m
face6_w.png,สายใจ,f
face9_w.png,ทองดี,m
face3_m.png,พิกุล,f
face4_m.png,ดวงแก้ว,f
face7_m.png,แก้วตา,f
face3_m.png,สายใจ,f
face9_m.png,สมชาย,m
face1_m.png,ใบเฟิร์น,f
face6_m.png,มานะ,m
face1_m.png,สมชาย,m
face8_w.png,ดวงแก้ว,f
face9_w.png,สมชาย,m
face6_w.png,สมปอง,m
face1_m.png,วันเพ็ญ,f
face3_m.png,ดวงแก้ว,f
face4_w.png,ดวงแก้ว,f
face2_m.png,วันเพ็ญ,f
face1_m.png,ชูศักดิ์,m
face10_w.png,บุญชู,m
face9_m.png,มานะ,m
face10_w.png,พิกุล,f
face2_m.png,ทองดี,m
face3_w.png,ใบเฟิร์น,f
face1_w.png,ดวงแก้ว,f
face1_m.png,มานะ,m
face9_w.png,สมปอง,m
face4_w.png,ประทีป,m
face8_w.png,วันเพ็ญ,f
face7_m.png,บุญชู,m
face2_w.png,สมชาย,m
face4_m.png,มานะ,m
face2_m.png,สายใจ,f
face5_w.png,สมชาย,m
face3_m.png,พอใจ,f
face9_w.png,พิกุล,f
face9_w.png,ประเสริฐ,m
face2_w.png,สายใจ,f
face5_w.png,พอใจ,f
face2_m.png,มานะ,m
face7_w.png,ใบเฟิร์น,f
face10_m.png,สมหญิง,f
face5_w.png,มานะ,m
face5_w.png,บุญชู,m
face5_w.png,ประเสริฐ,m
face3_w.png,พิกุล,f
face6_m.png,ทับทิม,f
face5_m.png,ประทีป,m
face4_w.png,สมชาย,m
face7_w.png,ทองดี,m
face9_w.png,มั่นคง,m
face4_w.png,มานะ,m
face2_m.png,สมหมาย,m
face5_m.png,สายใจ,f
face2_w.png,พอใจ,f
face6_w.png,สมชาย,m
face3_w.png,วันเพ็ญ,f
face1_w.png,พอใจ,f
face8_m.png,ฟ้าใส,f
face8_m.png,แก้วตา,f
face6_w.png,วันเพ็ญ,f
face8_m.png,ประทีป,m
face10_w.png,สายใจ,f
face8_m.png,ประเสริฐ,m
face7_m.png,สายใจ,f
face5_w.png,ประทีป,m
face10_w.png,สมชาย,m
face5_m.png,พิกุล,f
